Domain,Status,Attractiveness,Demand,Length,Sectors,Created,Expires,Registrar
one.lighting,available,132,44%,3,"Business,General,Media,Technology",,,
second.lighting,available,120,23%,6,"General,Mathematics",,,
flat.lighting,available,116,24%,4,"Construction,Real Estate",,,
tenth.lighting,available,116,7%,5,Mathematics,,,
zero.lighting,available,112,49%,4,Mathematics,,,
eight.lighting,available,102,23%,5,"General,Mathematics",,,
crack.lighting,available,100,20%,5,Sports,,,
sixth.lighting,available,100,8%,5,Mathematics,,,
third.lighting,available,100,16%,5,Mathematics,,,
eighth.lighting,available,100,6%,6,Mathematics,,,
ninth.lighting,available,100,9%,5,Mathematics,,,
nought.lighting,available,92,4%,6,Mathematics,,,
twentieth.lighting,available,92,3%,9,Mathematics,,,
leash.lighting,available,90,7%,5,"General,Health and Fitness,Retail",,,
sixteen.lighting,available,88,11%,7,Mathematics,,,
eleven.lighting,available,88,33%,6,Mathematics,,,
hundred.lighting,available,88,14%,7,Mathematics,,,
three.lighting,available,88,24%,5,Mathematics,,,
twelve.lighting,available,88,18%,6,"General,Mathematics",,,
fifteen.lighting,available,88,13%,7,Mathematics,,,
ten.lighting,available,88,28%,3,"General,Mathematics",,,
xix.lighting,available,86,11%,3,Mathematics,,,
cipher.lighting,available,86,29%,6,Mathematics,,,
xiv.lighting,available,86,12%,3,Mathematics,,,
seventeen.lighting,available,84,7%,9,Mathematics,,,
thousand.lighting,available,84,8%,8,Mathematics,,,
thirteen.lighting,available,84,10%,8,Mathematics,,,
nineteen.lighting,available,84,8%,8,Mathematics,,,
twentytwo.lighting,available,84,11%,10,Mathematics,,,
fourteen.lighting,available,84,8%,8,Mathematics,,,
twentyone.lighting,available,84,13%,10,Mathematics,,,
fivesome.lighting,available,82,1%,8,Sports,,,
decade.lighting,available,82,10%,6,Mathematics,,,
dozen.lighting,available,82,10%,5,Mathematics,,,
nine.lighting,available,80,24%,4,"General,Mathematics",,,
twenty.lighting,available,80,12%,6,Mathematics,,,
two.lighting,available,80,24%,3,Mathematics,,,
first.lighting,available,80,36%,5,"General,Mathematics",,,
seventh.lighting,available,80,10%,7,Mathematics,,,
forty.lighting,available,80,9%,5,Mathematics,,,
twentysix.lighting,available,78,8%,10,Mathematics,,,
sixtynine.lighting,available,78,8%,10,Mathematics,,,
fifteenth.lighting,available,76,2%,9,Mathematics,,,
hundredth.lighting,available,76,1%,9,Mathematics,,,
firstrate.lighting,available,76,6%,10,Business,,,
nineteenth.lighting,available,76,3%,10,Mathematics,,,
thirteenth.lighting,available,76,4%,10,Mathematics,,,
thousandth.lighting,available,76,1%,10,Mathematics,,,
fourteenth.lighting,available,76,1%,10,Mathematics,,,
threed.lighting,available,76,7%,7,Technology,,,
eighteen.lighting,available,76,7%,8,Mathematics,,,
single.lighting,available,74,19%,6,Sports,,,
trinity.lighting,available,72,18%,7,Religion,,,
ninetieth.lighting,available,72,1%,9,Mathematics,,,
seventieth.lighting,available,72,1%,10,Mathematics,,,
trey.lighting,available,72,14%,4,Sports,,,
ternary.lighting,available,72,7%,7,Mathematics,,,
sixtieth.lighting,available,72,1%,8,Mathematics,,,
eightieth.lighting,available,72,1%,9,Mathematics,,,
liv.lighting,available,72,27%,3,Mathematics,,,
tiptop.lighting,available,70,24%,6,Fashion,,,
octonary.lighting,available,68,1%,8,Mathematics,,,
fiftieth.lighting,available,68,0%,8,Mathematics,,,
thirtieth.lighting,available,68,1%,9,Mathematics,,,
septenary.lighting,available,68,1%,9,Mathematics,,,
threesome.lighting,available,68,5%,9,Entertainment,,,
foursome.lighting,available,68,4%,8,Sports,,,
ane.lighting,available,68,12%,3,Mathematics,,,
fortieth.lighting,available,68,0%,8,Mathematics,,,
sevener.lighting,available,68,1%,7,Mathematics,,,
ennead.lighting,available,68,5%,6,Mathematics,,,
latest.lighting,available,66,18%,6,Technology,,,
eighty.lighting,available,66,6%,6,Mathematics,,,
five.lighting,available,66,26%,4,Mathematics,,,
xvi.lighting,available,66,5%,3,Mathematics,,,
fifty.lighting,available,66,12%,5,Mathematics,,,
four.lighting,available,66,27%,4,Mathematics,,,
xviii.lighting,available,66,5%,5,Mathematics,,,
xvii.lighting,available,66,5%,4,Mathematics,,,
thirty.lighting,available,66,8%,6,Mathematics,,,
deuce.lighting,available,66,9%,5,Sports,,,
acappella.lighting,available,66,6%,10,Entertainment,,,
xxv.lighting,available,66,6%,3,Mathematics,,,
tenner.lighting,available,66,5%,6,Finance,,,
xxi.lighting,available,66,10%,3,Mathematics,,,
century.lighting,available,66,17%,7,Education,,,
sextet.lighting,available,66,1%,6,Entertainment,,,
ninety.lighting,available,66,11%,6,Mathematics,,,
xxvi.lighting,available,66,3%,4,Mathematics,,,
xxii.lighting,available,66,6%,4,Mathematics,,,
xiii.lighting,available,66,9%,4,Mathematics,,,
clv.lighting,available,66,10%,3,Mathematics,,,
onec.lighting,available,66,6%,5,Mathematics,,,
six.lighting,available,66,26%,3,Mathematics,,,
xii.lighting,available,66,10%,3,Mathematics,,,
eleventh.lighting,available,62,5%,8,Mathematics,,,
fortyfour.lighting,available,62,6%,10,Mathematics,,,
quartet.lighting,available,62,7%,7,"Arts,Entertainment",,,
sixteenth.lighting,available,62,1%,9,Mathematics,,,
eighteenth.lighting,available,62,1%,10,Mathematics,,,
twodozen.lighting,available,62,1%,9,Mathematics,,,
longdozen.lighting,available,62,2%,10,Mathematics,,,
chiliad.lighting,available,62,2%,7,Mathematics,,,
troika.lighting,available,62,8%,6,Politics,,,
thou.lighting,available,60,7%,4,Mathematics,,,
xcl.lighting,available,60,5%,3,Mathematics,,,
tertiary.lighting,available,60,4%,8,Education,,,
eightysix.lighting,available,60,7%,10,Mathematics,,,
cxlv.lighting,available,60,2%,4,Mathematics,,,
cxx.lighting,available,60,10%,3,Mathematics,,,
cxxxv.lighting,available,60,2%,5,Mathematics,,,
cxxv.lighting,available,60,1%,4,Mathematics,,,
cxv.lighting,available,60,4%,3,Mathematics,,,
clxx.lighting,available,60,3%,4,Mathematics,,,
sixty.lighting,available,60,13%,5,Mathematics,,,
cxxx.lighting,available,60,4%,4,Mathematics,,,
clxv.lighting,available,60,1%,4,Mathematics,,,
clxxx.lighting,available,60,1%,5,Mathematics,,,
clxxv.lighting,available,60,1%,5,Mathematics,,,
cxl.lighting,available,60,7%,3,Mathematics,,,
clx.lighting,available,60,10%,3,Mathematics,,,
sextuplet.lighting,available,58,1%,9,Healthcare,,,
hexad.lighting,available,58,4%,5,Mathematics,,,
seven.lighting,available,58,36%,5,Mathematics,,,
fourscore.lighting,available,58,4%,9,Mathematics,,,
niner.lighting,available,58,5%,5,Mathematics,,,
sixer.lighting,available,58,5%,5,Sports,,,
eighter.lighting,available,58,2%,7,Mathematics,,,
pentad.lighting,available,58,2%,6,Mathematics,,,
fourth.lighting,available,58,13%,6,Mathematics,,,
alacarte.lighting,available,58,11%,10,Food and Beverage,,,
sixtyone.lighting,available,58,3%,9,Mathematics,,,
super.lighting,resell,58,47%,5,Business,04/08/2024 15:15,04/08/2026 15:15,"Sav.com, LLC - 18"
seventy.lighting,available,58,7%,7,Mathematics,,,
lxxx.lighting,available,58,2%,4,Mathematics,,,
fifth.lighting,available,58,12%,5,Mathematics,,,
twelfth.lighting,available,58,2%,7,Mathematics,,,
octad.lighting,available,58,5%,5,Mathematics,,,
heptad.lighting,available,58,1%,6,Mathematics,,,
centesimal.lighting,available,58,1%,10,Mathematics,,,
cypher.lighting,available,58,29%,6,Mathematics,,,
tetrad.lighting,available,58,5%,6,Mathematics,,,
lviii.lighting,available,56,1%,5,Mathematics,,,
fiftynine.lighting,available,56,4%,10,Mathematics,,,
fiftysix.lighting,available,56,4%,9,Mathematics,,,
fiftyfive.lighting,available,56,7%,10,Mathematics,,,
fiftyone.lighting,available,56,7%,9,Mathematics,,,
fortytwo.lighting,available,56,17%,9,Mathematics,,,
thirtyone.lighting,available,56,5%,10,Mathematics,,,
xlii.lighting,available,56,5%,4,Mathematics,,,
aone.lighting,available,56,15%,5,Food and Beverage,,,
xliii.lighting,available,56,1%,5,Mathematics,,,
thirtysix.lighting,available,56,5%,10,Mathematics,,,
xxvii.lighting,available,56,3%,5,Mathematics,,,
xli.lighting,available,56,5%,3,Mathematics,,,
xxxiii.lighting,available,56,2%,6,Mathematics,,,
xxiii.lighting,available,56,5%,5,Mathematics,,,
xxxii.lighting,available,56,1%,5,Mathematics,,,
xxiv.lighting,available,56,5%,4,Mathematics,,,
xxxvi.lighting,available,56,1%,5,Mathematics,,,
xlvi.lighting,available,56,3%,4,Mathematics,,,
xliv.lighting,available,56,2%,4,Mathematics,,,
halfdozen.lighting,available,56,1%,10,Mathematics,,,
xxxv.lighting,available,56,4%,4,Mathematics,,,
xxxiv.lighting,available,56,1%,5,Mathematics,,,
xlviii.lighting,available,56,1%,6,Mathematics,,,
xxviii.lighting,available,56,1%,6,Mathematics,,,
fortysix.lighting,available,56,3%,9,Mathematics,,,
lii.lighting,available,56,7%,3,Mathematics,,,
liii.lighting,available,56,4%,4,Mathematics,,,
xxix.lighting,available,56,4%,4,Mathematics,,,
xxxi.lighting,available,56,9%,4,Mathematics,,,
xxxvii.lighting,available,56,2%,6,Mathematics,,,
fortyone.lighting,available,56,4%,9,Mathematics,,,
fiftytwo.lighting,available,56,6%,9,Mathematics,,,
lvi.lighting,available,56,8%,3,Mathematics,,,
lvii.lighting,available,56,1%,4,Mathematics,,,
fiftyfour.lighting,available,56,3%,10,Mathematics,,,
xxxviii.lighting,available,56,1%,7,Mathematics,,,
thirtytwo.lighting,available,56,5%,10,Mathematics,,,
fortynine.lighting,available,56,3%,10,Mathematics,,,
xlvii.lighting,available,56,2%,5,Mathematics,,,
xlv.lighting,available,56,6%,3,Mathematics,,,
quaternion.lighting,available,54,6%,10,Mathematics,,,
deuceace.lighting,available,54,2%,9,Sports,,,
viii.lighting,available,54,6%,4,Mathematics,,,
quatern.lighting,available,54,2%,7,Mathematics,,,
threescore.lighting,available,54,1%,10,Mathematics,,,
quaternity.lighting,available,54,4%,10,Mathematics,,,
topnotch.lighting,available,54,18%,8,Business,,,
vii.lighting,available,54,13%,3,Mathematics,,,
twoscore.lighting,available,54,2%,8,Mathematics,,,
fortyfive.lighting,available,54,4%,10,Mathematics,,,
lxv.lighting,available,52,5%,3,Mathematics,,,
lxxxiv.lighting,available,52,1%,6,Mathematics,,,
sixtyfive.lighting,available,52,3%,10,Mathematics,,,
lxvi.lighting,available,52,3%,4,Mathematics,,,
lxxiv.lighting,available,52,1%,5,Mathematics,,,
lxxvii.lighting,available,52,2%,6,Mathematics,,,
eightyone.lighting,available,52,3%,10,Mathematics,,,
xcvii.lighting,available,52,1%,5,Mathematics,,,
lxviii.lighting,available,52,1%,6,Mathematics,,,
lxxi.lighting,available,52,1%,4,Mathematics,,,
xciv.lighting,available,52,2%,4,Mathematics,,,
xciii.lighting,available,52,1%,5,Mathematics,,,
lxxxii.lighting,available,52,1%,6,Mathematics,,,
xci.lighting,available,52,4%,3,Mathematics,,,
sixtyfour.lighting,available,52,3%,10,Mathematics,,,
eightytwo.lighting,available,52,4%,10,Mathematics,,,
sixtysix.lighting,available,52,4%,9,Mathematics,,,
sixtytwo.lighting,available,52,3%,9,Mathematics,,,
lxi.lighting,available,52,5%,3,Mathematics,,,
xcv.lighting,available,52,7%,3,Mathematics,,,
lxxii.lighting,available,52,1%,5,Mathematics,,,
lxiv.lighting,available,52,3%,4,Mathematics,,,
lxxxv.lighting,available,52,1%,5,Mathematics,,,
lxxxvi.lighting,available,52,1%,6,Mathematics,,,
ninetytwo.lighting,available,52,4%,10,Mathematics,,,
lxii.lighting,available,52,1%,4,Mathematics,,,
lxxxiii.lighting,available,52,1%,7,Mathematics,,,
xcii.lighting,available,52,2%,4,Mathematics,,,
ixl.lighting,available,52,9%,3,Mathematics,,,
ninetysix.lighting,available,52,4%,10,Mathematics,,,
ninetyone.lighting,available,52,5%,10,Mathematics,,,
lxiii.lighting,available,52,2%,5,Mathematics,,,
lxxxvii.lighting,available,52,1%,7,Mathematics,,,
xcvi.lighting,available,52,2%,4,Mathematics,,,
lxxxi.lighting,available,52,1%,5,Mathematics,,,
xcviii.lighting,available,52,1%,6,Mathematics,,,
lxxvi.lighting,available,52,1%,5,Mathematics,,,
lxvii.lighting,available,52,1%,5,Mathematics,,,
lxxiii.lighting,available,52,1%,6,Mathematics,,,
lxxv.lighting,available,52,1%,4,Mathematics,,,
ixc.lighting,available,52,5%,3,Mathematics,,,
ogdoad.lighting,available,50,1%,6,Mathematics,,,
lxx.lighting,available,50,5%,3,Mathematics,,,
triplet.lighting,available,50,8%,7,Science,,,
lxxxviii.lighting,available,48,1%,8,Mathematics,,,
quaternary.lighting,available,46,3%,10,Mathematics,,,